date,day,admissions,discharges,occupied_beds,bed_capacity,occupancy_rate
2022-07-01,Friday,25,21,108,100,108.0
2022-07-02,Saturday,22,30,100,100,100.0
2022-07-03,Sunday,22,11,111,100,111.0
2022-07-04,Monday,31,18,124,100,124.0
2022-07-05,Tuesday,27,21,130,100,130.0
2022-07-06,Wednesday,38,17,151,100,151.0
2022-07-07,Thursday,32,37,146,100,146.0
2022-07-08,Friday,30,20,156,100,156.0
2022-07-09,Saturday,25,34,147,100,147.0
2022-07-10,Sunday,23,34,136,100,136.0
2022-07-11,Monday,32,25,143,100,143.0
2022-07-12,Tuesday,31,28,146,100,146.0
2022-07-13,Wednesday,34,31,149,100,149.0
2022-07-14,Thursday,24,30,143,100,143.0
2022-07-15,Friday,35,32,146,100,146.0
2022-07-16,Saturday,20,31,135,100,135.0
2022-07-17,Sunday,29,22,142,100,142.0
2022-07-18,Monday,20,32,130,100,130.0
2022-07-19,Tuesday,23,24,129,100,129.0
2022-07-20,Wednesday,18,27,120,100,120.0
2022-07-21,Thursday,26,35,111,100,111.0
2022-07-22,Friday,33,22,122,100,122.0
2022-07-23,Saturday,22,23,121,100,121.0
2022-07-24,Sunday,32,34,119,100,119.0
2022-07-25,Monday,23,14,128,100,128.0
2022-07-26,Tuesday,18,15,131,100,131.0
2022-07-27,Wednesday,29,28,132,100,132.0
2022-07-28,Thursday,31,26,137,100,137.0
2022-07-29,Friday,16,25,128,100,128.0
2022-07-30,Saturday,31,29,130,100,130.0
2022-07-31,Sunday,19,26,123,100,123.0
2022-08-01,Monday,26,17,132,100,132.0
2022-08-02,Tuesday,26,27,131,100,131.0
2022-08-03,Wednesday,20,21,130,100,130.0
2022-08-04,Thursday,32,33,129,100,129.0
2022-08-05,Friday,24,21,132,100,132.0
2022-08-06,Saturday,28,20,140,100,140.0
2022-08-07,Sunday,29,24,145,100,145.0
2022-08-08,Monday,27,27,145,100,145.0
2022-08-09,Tuesday,41,39,147,100,147.0
2022-08-10,Wednesday,26,30,143,100,143.0
2022-08-11,Thursday,20,31,132,100,132.0
2022-08-12,Friday,41,14,159,100,159.0
2022-08-13,Saturday,20,28,151,100,151.0
2022-08-14,Sunday,24,31,144,100,144.0
2022-08-15,Monday,19,29,134,100,134.0
2022-08-16,Tuesday,17,37,114,100,114.0
2022-08-17,Wednesday,21,23,112,100,112.0
2022-08-18,Thursday,18,13,117,100,117.0
2022-08-19,Friday,19,22,114,100,114.0
2022-08-20,Saturday,26,24,116,100,116.0
2022-08-21,Sunday,32,14,134,100,134.0
2022-08-22,Monday,22,20,136,100,136.0
2022-08-23,Tuesday,22,24,134,100,134.0
2022-08-24,Wednesday,25,14,145,100,145.0
2022-08-25,Thursday,25,28,142,100,142.0
2022-08-26,Friday,22,21,143,100,143.0
2022-08-27,Saturday,21,20,144,100,144.0
2022-08-28,Sunday,25,29,140,100,140.0
2022-08-29,Monday,22,17,145,100,145.0
2022-08-30,Tuesday,27,37,135,100,135.0
2022-08-31,Wednesday,32,21,146,100,146.0
2022-09-01,Thursday,29,16,159,100,159.0
2022-09-02,Friday,25,37,147,100,147.0
2022-09-03,Saturday,23,28,142,100,142.0
2022-09-04,Sunday,18,34,126,100,126.0
2022-09-05,Monday,20,17,129,100,129.0
2022-09-06,Tuesday,28,37,120,100,120.0
2022-09-07,Wednesday,27,23,124,100,124.0
2022-09-08,Thursday,23,22,125,100,125.0
2022-09-09,Friday,28,22,131,100,131.0
2022-09-10,Saturday,23,19,135,100,135.0
2022-09-11,Sunday,21,30,126,100,126.0
2022-09-12,Monday,19,28,117,100,117.0
2022-09-13,Tuesday,23,26,114,100,114.0
2022-09-14,Wednesday,31,21,124,100,124.0
2022-09-15,Thursday,25,31,118,100,118.0
2022-09-16,Friday,23,28,113,100,113.0
2022-09-17,Saturday,27,21,119,100,119.0
2022-09-18,Sunday,11,29,101,100,101.0
2022-09-19,Monday,22,24,99,100,99.0
2022-09-20,Tuesday,18,22,95,100,95.0
2022-09-21,Wednesday,23,17,101,100,101.0
2022-09-22,Thursday,14,14,101,100,101.0
2022-09-23,Friday,30,11,120,100,120.0
2022-09-24,Saturday,18,12,126,100,126.0
2022-09-25,Sunday,26,29,123,100,123.0
2022-09-26,Monday,24,13,134,100,134.0
2022-09-27,Tuesday,14,21,127,100,127.0
2022-09-28,Wednesday,11,23,115,100,115.0
2022-09-29,Thursday,29,15,129,100,129.0
2022-09-30,Friday,23,23,129,100,129.0
2022-10-01,Saturday,22,20,131,100,131.0
2022-10-02,Sunday,20,36,115,100,115.0
2022-10-03,Monday,29,15,129,100,129.0
2022-10-04,Tuesday,19,27,121,100,121.0
2022-10-05,Wednesday,19,15,125,100,125.0
2022-10-06,Thursday,30,24,131,100,131.0
2022-10-07,Friday,17,33,115,100,115.0
2022-10-08,Saturday,25,23,117,100,117.0
2022-10-09,Sunday,22,22,117,100,117.0
2022-10-10,Monday,26,37,106,100,106.0
2022-10-11,Tuesday,21,20,107,100,107.0
2022-10-12,Wednesday,14,17,104,100,104.0
2022-10-13,Thursday,22,24,102,100,102.0
2022-10-14,Friday,24,18,108,100,108.0
2022-10-15,Saturday,20,27,101,100,101.0
2022-10-16,Sunday,20,24,97,100,97.0
2022-10-17,Monday,22,20,99,100,99.0
2022-10-18,Tuesday,22,28,93,100,93.0
2022-10-19,Wednesday,16,16,93,100,93.0
2022-10-20,Thursday,20,20,93,100,93.0
2022-10-21,Friday,21,15,99,100,99.0
2022-10-22,Saturday,23,15,107,100,107.0
2022-10-23,Sunday,21,23,105,100,105.0
2022-10-24,Monday,27,17,115,100,115.0
2022-10-25,Tuesday,15,28,102,100,102.0
2022-10-26,Wednesday,20,20,102,100,102.0
2022-10-27,Thursday,15,15,102,100,102.0
2022-10-28,Friday,15,18,99,100,99.0
2022-10-29,Saturday,21,27,93,100,93.0
2022-10-30,Sunday,15,12,96,100,96.0
2022-10-31,Monday,23,25,94,100,94.0
2022-11-01,Tuesday,24,22,96,100,96.0
2022-11-02,Wednesday,21,13,104,100,104.0
2022-11-03,Thursday,36,10,130,100,130.0
2022-11-04,Friday,13,36,107,100,107.0
2022-11-05,Saturday,28,28,107,100,107.0
2022-11-06,Sunday,25,20,112,100,112.0
2022-11-07,Monday,22,14,120,100,120.0
2022-11-08,Tuesday,23,25,118,100,118.0
2022-11-09,Wednesday,11,16,113,100,113.0
2022-11-10,Thursday,26,27,112,100,112.0
2022-11-11,Friday,29,24,117,100,117.0
2022-11-12,Saturday,18,15,120,100,120.0
2022-11-13,Sunday,16,32,104,100,104.0
2022-11-14,Monday,10,13,101,100,101.0
2022-11-15,Tuesday,34,20,115,100,115.0
2022-11-16,Wednesday,18,12,121,100,121.0
2022-11-17,Thursday,25,35,111,100,111.0
2022-11-18,Friday,24,23,112,100,112.0
2022-11-19,Saturday,21,22,111,100,111.0
2022-11-20,Sunday,23,21,113,100,113.0
2022-11-21,Monday,16,27,102,100,102.0
2022-11-22,Tuesday,22,25,99,100,99.0
2022-11-23,Wednesday,19,23,95,100,95.0
2022-11-24,Thursday,17,21,91,100,91.0
2022-11-25,Friday,16,25,82,100,82.0
2022-11-26,Saturday,27,16,93,100,93.0
2022-11-27,Sunday,30,21,102,100,102.0
2022-11-28,Monday,17,11,108,100,108.0
2022-11-29,Tuesday,19,28,99,100,99.0
2022-11-30,Wednesday,24,19,104,100,104.0
2022-12-01,Thursday,33,18,119,100,119.0
2022-12-02,Friday,31,29,121,100,121.0
2022-12-03,Saturday,15,25,111,100,111.0
2022-12-04,Sunday,18,20,109,100,109.0
2022-12-05,Monday,27,17,119,100,119.0
2022-12-06,Tuesday,24,25,118,100,118.0
2022-12-07,Wednesday,22,25,115,100,115.0
2022-12-08,Thursday,19,21,113,100,113.0
2022-12-09,Friday,49,20,142,100,142.0
2022-12-10,Saturday,13,26,129,100,129.0
2022-12-11,Sunday,22,31,120,100,120.0
2022-12-12,Monday,18,30,108,100,108.0
2022-12-13,Tuesday,28,30,106,100,106.0
2022-12-14,Wednesday,22,18,110,100,110.0
2022-12-15,Thursday,26,23,113,100,113.0
2022-12-16,Friday,14,37,90,100,90.0
2022-12-17,Saturday,18,34,74,100,74.0
2022-12-18,Sunday,23,11,86,100,86.0
2022-12-19,Monday,20,23,83,100,83.0
2022-12-20,Tuesday,22,16,89,100,89.0
2022-12-21,Wednesday,19,20,88,100,88.0
2022-12-22,Thursday,20,18,90,100,90.0
2022-12-23,Friday,20,25,85,100,85.0
2022-12-24,Saturday,18,22,81,100,81.0
2022-12-25,Sunday,36,29,88,100,88.0
2022-12-26,Monday,19,6,101,100,101.0
2022-12-27,Tuesday,32,18,115,100,115.0
2022-12-28,Wednesday,27,34,108,100,108.0
2022-12-29,Thursday,13,31,90,100,90.0
2022-12-30,Friday,19,40,69,100,69.0
2022-12-31,Saturday,10,19,60,100,60.0
2023-01-01,Sunday,24,9,75,100,75.0
2023-01-02,Monday,26,7,94,100,94.0
2023-01-03,Tuesday,21,29,86,100,86.0
2023-01-04,Wednesday,28,14,100,100,100.0
2023-01-05,Thursday,32,20,112,100,112.0
2023-01-06,Friday,27,20,119,100,119.0
2023-01-07,Saturday,26,27,118,100,118.0
2023-01-08,Sunday,29,26,121,100,121.0
2023-01-09,Monday,16,22,115,100,115.0
2023-01-10,Tuesday,22,32,105,100,105.0
2023-01-11,Wednesday,28,26,107,100,107.0
2023-01-12,Thursday,25,21,111,100,111.0
2023-01-13,Friday,26,24,113,100,113.0
2023-01-14,Saturday,17,31,99,100,99.0
2023-01-15,Sunday,30,29,100,100,100.0
2023-01-16,Monday,26,20,106,100,106.0
2023-01-17,Tuesday,17,20,103,100,103.0
2023-01-18,Wednesday,23,23,103,100,103.0
2023-01-19,Thursday,35,12,126,100,126.0
2023-01-20,Friday,31,32,125,100,125.0
2023-01-21,Saturday,25,33,117,100,117.0
2023-01-22,Sunday,24,24,117,100,117.0
2023-01-23,Monday,30,26,121,100,121.0
2023-01-24,Tuesday,19,29,111,100,111.0
2023-01-25,Wednesday,29,35,105,100,105.0
2023-01-26,Thursday,38,21,122,100,122.0
2023-01-27,Friday,31,20,133,100,133.0
2023-01-28,Saturday,19,24,128,100,128.0
2023-01-29,Sunday,37,23,142,100,142.0
2023-01-30,Monday,24,36,130,100,130.0
2023-01-31,Tuesday,34,28,136,100,136.0
2023-02-01,Wednesday,22,27,131,100,131.0
2023-02-02,Thursday,27,27,131,100,131.0
2023-02-03,Friday,38,23,146,100,146.0
2023-02-04,Saturday,26,18,154,100,154.0
2023-02-05,Sunday,28,23,159,100,159.0
2023-02-06,Monday,20,18,161,100,161.0
2023-02-07,Tuesday,37,25,173,100,173.0
2023-02-08,Wednesday,20,42,151,100,151.0
2023-02-09,Thursday,25,40,136,100,136.0
2023-02-10,Friday,32,24,144,100,144.0
2023-02-11,Saturday,34,15,163,100,163.0
2023-02-12,Sunday,34,27,170,100,170.0
2023-02-13,Monday,20,24,166,100,166.0
2023-02-14,Tuesday,27,33,160,100,160.0
2023-02-15,Wednesday,29,31,158,100,158.0
2023-02-16,Thursday,34,42,150,100,150.0
2023-02-17,Friday,38,28,160,100,160.0
2023-02-18,Saturday,24,27,157,100,157.0
2023-02-19,Sunday,40,33,164,100,164.0
2023-02-20,Monday,45,27,182,100,182.0
2023-02-21,Tuesday,54,38,198,100,198.0
2023-02-22,Wednesday,38,22,214,100,214.0
2023-02-23,Thursday,32,42,204,100,204.0
2023-02-24,Friday,24,46,182,100,182.0
2023-02-25,Saturday,28,45,165,100,165.0
2023-02-26,Sunday,20,32,153,100,153.0
2023-02-27,Monday,26,26,153,100,153.0
2023-02-28,Tuesday,30,16,167,100,167.0
2023-03-01,Wednesday,25,27,165,100,165.0
2023-03-02,Thursday,25,32,158,100,158.0
2023-03-03,Friday,26,33,151,100,151.0
2023-03-04,Saturday,30,35,146,100,146.0
2023-03-05,Sunday,28,23,151,100,151.0
2023-03-06,Monday,31,24,158,100,158.0
2023-03-07,Tuesday,34,22,170,100,170.0
2023-03-08,Wednesday,20,26,164,100,164.0
2023-03-09,Thursday,31,39,156,100,156.0
2023-03-10,Friday,21,38,139,100,139.0
2023-03-11,Saturday,25,23,141,100,141.0
2023-03-12,Sunday,26,28,139,100,139.0
2023-03-13,Monday,27,25,141,100,141.0
2023-03-14,Tuesday,35,26,150,100,150.0
2023-03-15,Wednesday,26,26,150,100,150.0
2023-03-16,Thursday,30,23,157,100,157.0
2023-03-17,Friday,16,29,144,100,144.0
2023-03-18,Saturday,29,35,138,100,138.0
2023-03-19,Sunday,22,21,139,100,139.0
2023-03-20,Monday,27,18,148,100,148.0
2023-03-21,Tuesday,25,36,137,100,137.0
2023-03-22,Wednesday,22,20,139,100,139.0
2023-03-23,Thursday,24,32,131,100,131.0
2023-03-24,Friday,21,31,121,100,121.0
2023-03-25,Saturday,26,31,116,100,116.0
2023-03-26,Sunday,20,31,105,100,105.0
2023-03-27,Monday,24,16,113,100,113.0
2023-03-28,Tuesday,28,19,122,100,122.0
2023-03-29,Wednesday,24,33,113,100,113.0
2023-03-30,Thursday,32,27,118,100,118.0
2023-03-31,Friday,23,28,113,100,113.0
2023-04-01,Saturday,17,29,101,100,101.0
2023-04-02,Sunday,17,22,96,100,96.0
2023-04-03,Monday,28,14,110,100,110.0
2023-04-04,Tuesday,23,22,111,100,111.0
2023-04-05,Wednesday,18,18,111,100,111.0
2023-04-06,Thursday,20,14,117,100,117.0
2023-04-07,Friday,26,15,128,100,128.0
2023-04-08,Saturday,25,13,140,100,140.0
2023-04-09,Sunday,27,16,151,100,151.0
2023-04-10,Monday,27,24,154,100,154.0
2023-04-11,Tuesday,25,14,165,100,165.0
2023-04-12,Wednesday,23,33,155,100,155.0
2023-04-13,Thursday,28,17,166,100,166.0
2023-04-14,Friday,39,22,183,100,183.0
2023-04-15,Saturday,20,18,185,100,185.0
2023-04-16,Sunday,20,28,177,100,177.0
2023-04-17,Monday,24,24,177,100,177.0
2023-04-18,Tuesday,18,26,169,100,169.0
2023-04-19,Wednesday,26,34,161,100,161.0
2023-04-20,Thursday,33,27,167,100,167.0
2023-04-21,Friday,24,19,172,100,172.0
2023-04-22,Saturday,28,18,182,100,182.0
2023-04-23,Sunday,27,22,187,100,187.0
2023-04-24,Monday,20,16,191,100,191.0
2023-04-25,Tuesday,24,40,175,100,175.0
2023-04-26,Wednesday,34,24,185,100,185.0
2023-04-27,Thursday,22,29,178,100,178.0
2023-04-28,Friday,24,26,176,100,176.0
2023-04-29,Saturday,29,25,180,100,180.0
2023-04-30,Sunday,17,25,172,100,172.0
2023-05-01,Monday,30,20,182,100,182.0
2023-05-02,Tuesday,9,31,160,100,160.0
2023-05-03,Wednesday,30,31,159,100,159.0
2023-05-04,Thursday,33,29,163,100,163.0
2023-05-05,Friday,26,18,171,100,171.0
2023-05-06,Saturday,33,28,176,100,176.0
2023-05-07,Sunday,25,17,184,100,184.0
2023-05-08,Monday,26,23,187,100,187.0
2023-05-09,Tuesday,34,35,186,100,186.0
2023-05-10,Wednesday,28,25,189,100,189.0
2023-05-11,Thursday,27,33,183,100,183.0
2023-05-12,Friday,27,39,171,100,171.0
2023-05-13,Saturday,24,26,169,100,169.0
2023-05-14,Sunday,24,17,176,100,176.0
2023-05-15,Monday,21,29,168,100,168.0
2023-05-16,Tuesday,26,30,164,100,164.0
2023-05-17,Wednesday,26,21,169,100,169.0
2023-05-18,Thursday,26,34,161,100,161.0
2023-05-19,Friday,23,25,159,100,159.0
2023-05-20,Saturday,27,19,167,100,167.0
2023-05-21,Sunday,21,28,160,100,160.0
2023-05-22,Monday,24,27,157,100,157.0
2023-05-23,Tuesday,28,19,166,100,166.0
2023-05-24,Wednesday,25,31,160,100,160.0
2023-05-25,Thursday,19,21,158,100,158.0
2023-05-26,Friday,23,27,154,100,154.0
2023-05-27,Saturday,27,27,154,100,154.0
2023-05-28,Sunday,26,21,159,100,159.0
2023-05-29,Monday,29,29,159,100,159.0
2023-05-30,Tuesday,27,16,170,100,170.0
2023-05-31,Wednesday,29,26,173,100,173.0
2023-06-01,Thursday,25,17,181,100,181.0
2023-06-02,Friday,33,38,176,100,176.0
2023-06-03,Saturday,24,19,181,100,181.0
2023-06-04,Sunday,15,28,168,100,168.0
2023-06-05,Monday,28,18,178,100,178.0
2023-06-06,Tuesday,18,27,169,100,169.0
2023-06-07,Wednesday,26,39,156,100,156.0
2023-06-08,Thursday,27,12,171,100,171.0
2023-06-09,Friday,22,34,159,100,159.0
2023-06-10,Saturday,28,14,173,100,173.0
2023-06-11,Sunday,31,14,190,100,190.0
2023-06-12,Monday,34,38,186,100,186.0
2023-06-13,Tuesday,24,57,153,100,153.0
2023-06-14,Wednesday,21,29,145,100,145.0
2023-06-15,Thursday,13,16,142,100,142.0
2023-06-16,Friday,29,27,144,100,144.0
2023-06-17,Saturday,29,20,153,100,153.0
2023-06-18,Sunday,22,22,153,100,153.0
2023-06-19,Monday,21,19,155,100,155.0
2023-06-20,Tuesday,22,26,151,100,151.0
2023-06-21,Wednesday,18,37,132,100,132.0
2023-06-22,Thursday,34,17,149,100,149.0
2023-06-23,Friday,32,16,165,100,165.0
2023-06-24,Saturday,21,38,148,100,148.0
2023-06-25,Sunday,25,24,149,100,149.0
2023-06-26,Monday,28,17,160,100,160.0
2023-06-27,Tuesday,23,28,155,100,155.0
2023-06-28,Wednesday,19,21,153,100,153.0
2023-06-29,Thursday,24,22,155,100,155.0
2023-06-30,Friday,27,26,156,100,156.0
2023-07-01,Saturday,17,16,157,100,157.0
2023-07-02,Sunday,28,21,164,100,164.0
2023-07-03,Monday,30,24,170,100,170.0
2023-07-04,Tuesday,27,22,175,100,175.0
2023-07-05,Wednesday,22,26,171,100,171.0
2023-07-06,Thursday,34,29,176,100,176.0
2023-07-07,Friday,30,27,179,100,179.0
2023-07-08,Saturday,30,22,187,100,187.0
2023-07-09,Sunday,15,25,177,100,177.0
2023-07-10,Monday,23,24,176,100,176.0
2023-07-11,Tuesday,29,23,182,100,182.0
2023-07-12,Wednesday,22,32,172,100,172.0
2023-07-13,Thursday,17,24,165,100,165.0
2023-07-14,Friday,23,24,164,100,164.0
2023-07-15,Saturday,24,20,168,100,168.0
2023-07-16,Sunday,23,36,155,100,155.0
2023-07-17,Monday,20,19,156,100,156.0
2023-07-18,Tuesday,17,21,152,100,152.0
2023-07-19,Wednesday,23,13,162,100,162.0
2023-07-20,Thursday,23,21,164,100,164.0
2023-07-21,Friday,25,32,157,100,157.0
2023-07-22,Saturday,40,23,174,100,174.0
2023-07-23,Sunday,28,21,181,100,181.0
2023-07-24,Monday,24,24,181,100,181.0
2023-07-25,Tuesday,21,21,181,100,181.0
2023-07-26,Wednesday,27,31,177,100,177.0
2023-07-27,Thursday,25,39,163,100,163.0
2023-07-28,Friday,36,26,173,100,173.0
2023-07-29,Saturday,46,24,195,100,195.0
2023-07-30,Sunday,21,30,186,100,186.0
2023-07-31,Monday,21,29,178,100,178.0
2023-08-01,Tuesday,27,27,178,100,178.0
2023-08-02,Wednesday,20,29,169,100,169.0
2023-08-03,Thursday,23,20,172,100,172.0
2023-08-04,Friday,33,25,180,100,180.0
2023-08-05,Saturday,36,19,197,100,197.0
2023-08-06,Sunday,22,17,202,100,202.0
2023-08-07,Monday,32,36,198,100,198.0
2023-08-08,Tuesday,18,26,190,100,190.0
2023-08-09,Wednesday,31,39,182,100,182.0
2023-08-10,Thursday,22,37,167,100,167.0
2023-08-11,Friday,30,32,165,100,165.0
2023-08-12,Saturday,34,24,175,100,175.0
2023-08-13,Sunday,26,29,172,100,172.0
2023-08-14,Monday,26,26,172,100,172.0
2023-08-15,Tuesday,26,18,180,100,180.0
2023-08-16,Wednesday,27,60,147,100,147.0
2023-08-17,Thursday,31,17,161,100,161.0
2023-08-18,Friday,33,27,167,100,167.0
2023-08-19,Saturday,30,28,169,100,169.0
2023-08-20,Sunday,24,22,171,100,171.0
2023-08-21,Monday,19,20,170,100,170.0
2023-08-22,Tuesday,20,19,171,100,171.0
2023-08-23,Wednesday,23,37,157,100,157.0
2023-08-24,Thursday,29,21,165,100,165.0
2023-08-25,Friday,29,35,159,100,159.0
2023-08-26,Saturday,38,18,179,100,179.0
2023-08-27,Sunday,25,30,174,100,174.0
2023-08-28,Monday,26,34,166,100,166.0
2023-08-29,Tuesday,21,18,169,100,169.0
2023-08-30,Wednesday,28,47,150,100,150.0
2023-08-31,Thursday,34,26,158,100,158.0
2023-09-01,Friday,33,34,157,100,157.0
2023-09-02,Saturday,30,20,167,100,167.0
2023-09-03,Sunday,33,23,177,100,177.0
2023-09-04,Monday,28,29,176,100,176.0
2023-09-05,Tuesday,21,29,168,100,168.0
2023-09-06,Wednesday,33,37,164,100,164.0
2023-09-07,Thursday,26,33,157,100,157.0
2023-09-08,Friday,19,24,152,100,152.0
2023-09-09,Saturday,26,26,152,100,152.0
2023-09-10,Sunday,24,22,154,100,154.0
2023-09-11,Monday,27,25,156,100,156.0
2023-09-12,Tuesday,19,28,147,100,147.0
2023-09-13,Wednesday,37,22,162,100,162.0
2023-09-14,Thursday,24,25,161,100,161.0
2023-09-15,Friday,40,31,170,100,170.0
2023-09-16,Saturday,24,25,169,100,169.0
2023-09-17,Sunday,21,21,169,100,169.0
2023-09-18,Monday,22,31,160,100,160.0
2023-09-19,Tuesday,28,23,165,100,165.0
2023-09-20,Wednesday,35,38,162,100,162.0
2023-09-21,Thursday,34,28,168,100,168.0
2023-09-22,Friday,41,22,187,100,187.0
2023-09-23,Saturday,34,41,180,100,180.0
2023-09-24,Sunday,26,19,187,100,187.0
2023-09-25,Monday,37,37,187,100,187.0
2023-09-26,Tuesday,29,32,184,100,184.0
2023-09-27,Wednesday,30,31,183,100,183.0
2023-09-28,Thursday,35,31,187,100,187.0
2023-09-29,Friday,41,32,196,100,196.0
2023-09-30,Saturday,34,34,196,100,196.0
2023-10-01,Sunday,33,32,197,100,197.0
2023-10-02,Monday,31,22,206,100,206.0
2023-10-03,Tuesday,33,24,215,100,215.0
2023-10-04,Wednesday,36,55,196,100,196.0
2023-10-05,Thursday,31,47,180,100,180.0
2023-10-06,Friday,30,31,179,100,179.0
2023-10-07,Saturday,18,48,149,100,149.0
2023-10-08,Sunday,33,26,156,100,156.0
2023-10-09,Monday,26,25,157,100,157.0
2023-10-10,Tuesday,27,17,167,100,167.0
2023-10-11,Wednesday,37,33,171,100,171.0
2023-10-12,Thursday,27,27,171,100,171.0
2023-10-13,Friday,25,23,173,100,173.0
2023-10-14,Saturday,16,32,157,100,157.0
2023-10-15,Sunday,31,33,155,100,155.0
2023-10-16,Monday,21,22,154,100,154.0
2023-10-17,Tuesday,21,16,159,100,159.0
2023-10-18,Wednesday,29,36,152,100,152.0
2023-10-19,Thursday,28,23,157,100,157.0
2023-10-20,Friday,20,22,155,100,155.0
2023-10-21,Saturday,31,32,154,100,154.0
2023-10-22,Sunday,31,26,159,100,159.0
2023-10-23,Monday,34,21,172,100,172.0
2023-10-24,Tuesday,25,36,161,100,161.0
2023-10-25,Wednesday,31,30,162,100,162.0
2023-10-26,Thursday,25,23,164,100,164.0
2023-10-27,Friday,19,40,143,100,143.0
2023-10-28,Saturday,28,25,146,100,146.0
2023-10-29,Sunday,25,32,139,100,139.0
2023-10-30,Monday,32,19,152,100,152.0
2023-10-31,Tuesday,33,27,158,100,158.0
2023-11-01,Wednesday,35,31,162,100,162.0
2023-11-02,Thursday,33,11,184,100,184.0
2023-11-03,Friday,37,32,189,100,189.0
2023-11-04,Saturday,23,37,175,100,175.0
2023-11-05,Sunday,30,27,178,100,178.0
2023-11-06,Monday,35,24,189,100,189.0
2023-11-07,Tuesday,27,34,182,100,182.0
2023-11-08,Wednesday,8,30,160,100,160.0
2023-11-09,Thursday,19,40,139,100,139.0
2023-11-10,Friday,27,25,141,100,141.0
2023-11-11,Saturday,30,23,148,100,148.0
2023-11-12,Sunday,27,20,155,100,155.0
2023-11-13,Monday,32,24,163,100,163.0
2023-11-14,Tuesday,30,40,153,100,153.0
2023-11-15,Wednesday,32,22,163,100,163.0
2023-11-16,Thursday,43,24,182,100,182.0
2023-11-17,Friday,40,35,187,100,187.0
2023-11-18,Saturday,18,28,177,100,177.0
2023-11-19,Sunday,31,31,177,100,177.0
2023-11-20,Monday,39,34,182,100,182.0
2023-11-21,Tuesday,28,34,176,100,176.0
2023-11-22,Wednesday,58,35,199,100,199.0
2023-11-23,Thursday,25,29,195,100,195.0
2023-11-24,Friday,34,34,195,100,195.0
2023-11-25,Saturday,31,36,190,100,190.0
2023-11-26,Sunday,35,18,207,100,207.0
2023-11-27,Monday,27,27,207,100,207.0
2023-11-28,Tuesday,31,36,202,100,202.0
2023-11-29,Wednesday,35,45,192,100,192.0
2023-11-30,Thursday,25,32,185,100,185.0
2023-12-01,Friday,41,32,194,100,194.0
2023-12-02,Saturday,44,26,212,100,212.0
2023-12-03,Sunday,27,27,212,100,212.0
2023-12-04,Monday,28,30,210,100,210.0
2023-12-05,Tuesday,23,32,201,100,201.0
2023-12-06,Wednesday,27,41,187,100,187.0
2023-12-07,Thursday,38,24,201,100,201.0
2023-12-08,Friday,34,27,208,100,208.0
2023-12-09,Saturday,28,23,213,100,213.0
2023-12-10,Sunday,29,31,211,100,211.0
2023-12-11,Monday,18,27,202,100,202.0
2023-12-12,Tuesday,27,31,198,100,198.0
2023-12-13,Wednesday,23,22,199,100,199.0
2023-12-14,Thursday,26,32,193,100,193.0
2023-12-15,Friday,23,35,181,100,181.0
2023-12-16,Saturday,32,29,184,100,184.0
2023-12-17,Sunday,31,16,199,100,199.0
2023-12-18,Monday,27,29,197,100,197.0
2023-12-19,Tuesday,22,30,189,100,189.0
2023-12-20,Wednesday,23,24,188,100,188.0
2023-12-21,Thursday,23,39,172,100,172.0
2023-12-22,Friday,29,30,171,100,171.0
2023-12-23,Saturday,31,29,173,100,173.0
2023-12-24,Sunday,26,39,160,100,160.0
2023-12-25,Monday,35,28,167,100,167.0
2023-12-26,Tuesday,32,11,188,100,188.0
2023-12-27,Wednesday,22,30,180,100,180.0
2023-12-28,Thursday,31,18,193,100,193.0
2023-12-29,Friday,29,34,188,100,188.0
2023-12-30,Saturday,23,43,168,100,168.0
2023-12-31,Sunday,11,30,149,100,149.0
2024-01-01,Monday,40,30,159,100,159.0
2024-01-02,Tuesday,33,10,182,100,182.0
2024-01-03,Wednesday,31,25,188,100,188.0
2024-01-04,Thursday,40,26,202,100,202.0
2024-01-05,Friday,34,31,205,100,205.0
2024-01-06,Saturday,24,30,199,100,199.0
2024-01-07,Sunday,20,32,187,100,187.0
2024-01-08,Monday,37,25,199,100,199.0
2024-01-09,Tuesday,33,28,204,100,204.0
2024-01-10,Wednesday,22,40,186,100,186.0
2024-01-11,Thursday,33,19,200,100,200.0
2024-01-12,Friday,28,28,200,100,200.0
2024-01-13,Saturday,21,22,199,100,199.0
2024-01-14,Sunday,31,33,197,100,197.0
2024-01-15,Monday,38,31,204,100,204.0
2024-01-16,Tuesday,39,29,214,100,214.0
2024-01-17,Wednesday,31,28,217,100,217.0
2024-01-18,Thursday,35,22,230,100,230.0
2024-01-19,Friday,27,56,201,100,201.0
2024-01-20,Saturday,39,34,206,100,206.0
2024-01-21,Sunday,27,19,214,100,214.0
2024-01-22,Monday,37,39,212,100,212.0
2024-01-23,Tuesday,31,39,204,100,204.0
2024-01-24,Wednesday,36,39,201,100,201.0
2024-01-25,Thursday,23,24,200,100,200.0
2024-01-26,Friday,33,34,199,100,199.0
2024-01-27,Saturday,27,22,204,100,204.0
2024-01-28,Sunday,17,32,189,100,189.0
2024-01-29,Monday,30,24,195,100,195.0
2024-01-30,Tuesday,26,32,189,100,189.0
2024-01-31,Wednesday,30,26,193,100,193.0
2024-02-01,Thursday,32,26,199,100,199.0
2024-02-02,Friday,26,26,199,100,199.0
2024-02-03,Saturday,28,31,196,100,196.0
2024-02-04,Sunday,22,24,194,100,194.0
2024-02-05,Monday,34,26,202,100,202.0
2024-02-06,Tuesday,31,18,215,100,215.0
2024-02-07,Wednesday,31,30,216,100,216.0
2024-02-08,Thursday,40,38,218,100,218.0
2024-02-09,Friday,37,30,225,100,225.0
2024-02-10,Saturday,26,40,211,100,211.0
2024-02-11,Sunday,25,42,194,100,194.0
2024-02-12,Monday,17,39,172,100,172.0
2024-02-13,Tuesday,37,29,180,100,180.0
2024-02-14,Wednesday,13,25,168,100,168.0
2024-02-15,Thursday,30,19,179,100,179.0
2024-02-16,Friday,28,32,175,100,175.0
2024-02-17,Saturday,27,21,181,100,181.0
2024-02-18,Sunday,32,29,184,100,184.0
2024-02-19,Monday,22,18,188,100,188.0
2024-02-20,Tuesday,28,44,172,100,172.0
2024-02-21,Wednesday,26,33,165,100,165.0
2024-02-22,Thursday,24,27,162,100,162.0
2024-02-23,Friday,37,28,171,100,171.0
2024-02-24,Saturday,23,29,165,100,165.0
2024-02-25,Sunday,24,25,164,100,164.0
2024-02-26,Monday,35,15,184,100,184.0
2024-02-27,Tuesday,31,34,181,100,181.0
2024-02-28,Wednesday,20,30,171,100,171.0
2024-02-29,Thursday,41,29,183,100,183.0
2024-03-01,Friday,27,34,176,100,176.0
2024-03-02,Saturday,32,32,176,100,176.0
2024-03-03,Sunday,29,32,173,100,173.0
2024-03-04,Monday,29,28,174,100,174.0
2024-03-05,Tuesday,22,32,164,100,164.0
2024-03-06,Wednesday,35,34,165,100,165.0
2024-03-07,Thursday,32,23,174,100,174.0
2024-03-08,Friday,23,40,157,100,157.0
2024-03-09,Saturday,19,33,143,100,143.0
2024-03-10,Sunday,23,22,144,100,144.0
2024-03-11,Monday,32,25,151,100,151.0
2024-03-12,Tuesday,23,17,157,100,157.0
2024-03-13,Wednesday,42,33,166,100,166.0
2024-03-14,Thursday,32,16,182,100,182.0
2024-03-15,Friday,20,28,174,100,174.0
2024-03-16,Saturday,28,29,173,100,173.0
2024-03-17,Sunday,21,34,160,100,160.0
2024-03-18,Monday,34,20,174,100,174.0
2024-03-19,Tuesday,29,26,177,100,177.0
2024-03-20,Wednesday,25,31,171,100,171.0
2024-03-21,Thursday,27,40,158,100,158.0
2024-03-22,Friday,33,39,152,100,152.0
2024-03-23,Saturday,23,19,156,100,156.0
2024-03-24,Sunday,27,26,157,100,157.0
2024-03-25,Monday,30,25,162,100,162.0
2024-03-26,Tuesday,25,22,165,100,165.0
2024-03-27,Wednesday,31,31,165,100,165.0
2024-03-28,Thursday,19,26,158,100,158.0
2024-03-29,Friday,19,33,144,100,144.0
2024-03-30,Saturday,15,14,145,100,145.0
2024-03-31,Sunday,12,16,141,100,141.0
2024-04-01,Monday,37,19,159,100,159.0
2024-04-02,Tuesday,48,17,190,100,190.0
2024-04-03,Wednesday,41,23,208,100,208.0
2024-04-04,Thursday,30,45,193,100,193.0
2024-04-05,Friday,42,23,212,100,212.0
2024-04-06,Saturday,36,30,218,100,218.0
2024-04-07,Sunday,20,31,207,100,207.0
2024-04-08,Monday,29,30,206,100,206.0
2024-04-09,Tuesday,21,42,185,100,185.0
2024-04-10,Wednesday,37,33,189,100,189.0
2024-04-11,Thursday,25,22,192,100,192.0
2024-04-12,Friday,29,30,191,100,191.0
2024-04-13,Saturday,26,26,191,100,191.0
2024-04-14,Sunday,18,20,189,100,189.0
2024-04-15,Monday,47,19,217,100,217.0
2024-04-16,Tuesday,34,27,224,100,224.0
2024-04-17,Wednesday,44,34,234,100,234.0
2024-04-18,Thursday,26,20,240,100,240.0
2024-04-19,Friday,36,55,221,100,221.0
2024-04-20,Saturday,24,35,210,100,210.0
2024-04-21,Sunday,34,27,217,100,217.0
2024-04-22,Monday,32,29,220,100,220.0
2024-04-23,Tuesday,27,20,227,100,227.0
2024-04-24,Wednesday,27,33,221,100,221.0
2024-04-25,Thursday,31,31,221,100,221.0
2024-04-26,Friday,27,29,219,100,219.0
2024-04-27,Saturday,28,32,215,100,215.0
2024-04-28,Sunday,32,24,223,100,223.0
2024-04-29,Monday,41,26,238,100,238.0
2024-04-30,Tuesday,30,25,243,100,243.0
2024-05-01,Wednesday,28,39,232,100,232.0
2024-05-02,Thursday,24,33,223,100,223.0
2024-05-03,Friday,22,40,205,100,205.0
2024-05-04,Saturday,21,29,197,100,197.0
2024-05-05,Sunday,24,27,194,100,194.0
2024-05-06,Monday,33,20,207,100,207.0
2024-05-07,Tuesday,31,33,205,100,205.0
2024-05-08,Wednesday,24,34,195,100,195.0
2024-05-09,Thursday,25,27,193,100,193.0
2024-05-10,Friday,28,29,192,100,192.0
2024-05-11,Saturday,13,17,188,100,188.0
2024-05-12,Sunday,17,25,180,100,180.0
2024-05-13,Monday,31,22,189,100,189.0
2024-05-14,Tuesday,32,20,201,100,201.0
2024-05-15,Wednesday,37,23,215,100,215.0
2024-05-16,Thursday,33,21,227,100,227.0
2024-05-17,Friday,30,20,237,100,237.0
2024-05-18,Saturday,28,35,230,100,230.0
2024-05-19,Sunday,22,28,224,100,224.0
2024-05-20,Monday,23,29,218,100,218.0
2024-05-21,Tuesday,21,32,207,100,207.0
2024-05-22,Wednesday,28,22,213,100,213.0
2024-05-23,Thursday,21,34,200,100,200.0
2024-05-24,Friday,17,27,190,100,190.0
2024-05-25,Saturday,41,30,201,100,201.0
2024-05-26,Sunday,23,18,206,100,206.0
2024-05-27,Monday,26,32,200,100,200.0
2024-05-28,Tuesday,33,27,206,100,206.0
2024-05-29,Wednesday,23,26,203,100,203.0
2024-05-30,Thursday,41,29,215,100,215.0
2024-05-31,Friday,23,25,213,100,213.0
2024-06-01,Saturday,41,23,231,100,231.0
2024-06-02,Sunday,37,38,230,100,230.0
2024-06-03,Monday,29,23,236,100,236.0
2024-06-04,Tuesday,27,28,235,100,235.0
2024-06-05,Wednesday,17,40,212,100,212.0
2024-06-06,Thursday,35,36,211,100,211.0
2024-06-07,Friday,41,33,219,100,219.0
2024-06-08,Saturday,21,31,209,100,209.0
2024-06-09,Sunday,20,21,208,100,208.0
2024-06-10,Monday,50,28,230,100,230.0
2024-06-11,Tuesday,34,34,230,100,230.0
2024-06-12,Wednesday,24,31,223,100,223.0
2024-06-13,Thursday,33,32,224,100,224.0
2024-06-14,Friday,34,25,233,100,233.0
2024-06-15,Saturday,27,38,222,100,222.0
2024-06-16,Sunday,24,36,210,100,210.0
2024-06-17,Monday,29,32,207,100,207.0
2024-06-18,Tuesday,31,17,221,100,221.0
2024-06-19,Wednesday,29,24,226,100,226.0
2024-06-20,Thursday,35,23,238,100,238.0
2024-06-21,Friday,30,42,226,100,226.0
2024-06-22,Saturday,26,30,222,100,222.0
2024-06-23,Sunday,29,30,221,100,221.0
2024-06-24,Monday,22,17,226,100,226.0
2024-06-25,Tuesday,32,26,232,100,232.0
2024-06-26,Wednesday,39,29,242,100,242.0
2024-06-27,Thursday,24,31,235,100,235.0
2024-06-28,Friday,40,25,250,100,250.0
2024-06-29,Saturday,32,48,234,100,234.0
2024-06-30,Sunday,27,33,228,100,228.0
2024-07-01,Monday,39,26,241,100,241.0
2024-07-02,Tuesday,18,41,218,100,218.0
2024-07-03,Wednesday,35,26,227,100,227.0
2024-07-04,Thursday,24,34,217,100,217.0
2024-07-05,Friday,40,36,221,100,221.0
2024-07-06,Saturday,40,30,231,100,231.0
2024-07-07,Sunday,28,29,230,100,230.0
2024-07-08,Monday,28,31,227,100,227.0
2024-07-09,Tuesday,34,26,235,100,235.0
2024-07-10,Wednesday,13,32,216,100,216.0
2024-07-11,Thursday,32,30,218,100,218.0
2024-07-12,Friday,37,44,211,100,211.0
2024-07-13,Saturday,15,44,182,100,182.0
2024-07-14,Sunday,67,25,224,100,224.0
2024-07-15,Monday,35,22,237,100,237.0
2024-07-16,Tuesday,30,27,240,100,240.0
2024-07-17,Wednesday,25,54,211,100,211.0
2024-07-18,Thursday,37,40,208,100,208.0
2024-07-19,Friday,30,31,207,100,207.0
2024-07-20,Saturday,28,29,206,100,206.0
2024-07-21,Sunday,35,35,206,100,206.0
2024-07-22,Monday,38,21,223,100,223.0
2024-07-23,Tuesday,33,24,232,100,232.0
2024-07-24,Wednesday,34,34,232,100,232.0
2024-07-25,Thursday,35,40,227,100,227.0
2024-07-26,Friday,27,43,211,100,211.0
2024-07-27,Saturday,31,26,216,100,216.0
2024-07-28,Sunday,31,32,215,100,215.0
2024-07-29,Monday,37,30,222,100,222.0
2024-07-30,Tuesday,30,31,221,100,221.0
2024-07-31,Wednesday,35,24,232,100,232.0
2024-08-01,Thursday,29,41,220,100,220.0
2024-08-02,Friday,38,43,215,100,215.0
2024-08-03,Saturday,23,29,209,100,209.0
2024-08-04,Sunday,32,29,212,100,212.0
2024-08-05,Monday,47,32,227,100,227.0
2024-08-06,Tuesday,36,24,239,100,239.0
2024-08-07,Wednesday,42,36,245,100,245.0
2024-08-08,Thursday,36,37,244,100,244.0
2024-08-09,Friday,34,36,242,100,242.0
2024-08-10,Saturday,34,45,231,100,231.0
2024-08-11,Sunday,40,29,242,100,242.0
2024-08-12,Monday,41,28,255,100,255.0
2024-08-13,Tuesday,36,50,241,100,241.0
2024-08-14,Wednesday,36,39,238,100,238.0
2024-08-15,Thursday,44,38,244,100,244.0
2024-08-16,Friday,48,51,241,100,241.0
2024-08-17,Saturday,68,35,274,100,274.0
2024-08-18,Sunday,36,94,216,100,216.0
